﻿{"cameraMode":{"drawMode":0,"name":"Shaded","section":"Shading Mode"},"sceneLighting":true,"audioPlay":false,"sceneViewState":{"showFog":true,"showMaterialUpdate":false,"showSkybox":true,"showFlares":true,"showImageEffects":true,"showParticleSystems":true},"in2DMode":false,"pivot":{"x":39.72405242919922,"y":-0.6036694049835205,"z":124.14928436279297},"rotation":{"x":-0.013725158758461476,"y":-0.11401697993278504,"z":0.0015355494106188417,"w":-0.9934321045875549},"size":150.6181640625,"orthographic":false}