﻿{"cameraMode":{"drawMode":0,"name":"Shaded","section":"Shading Mode"},"sceneLighting":true,"audioPlay":false,"sceneViewState":{"showFog":true,"showMaterialUpdate":false,"showSkybox":true,"showFlares":true,"showImageEffects":true,"showParticleSystems":true},"in2DMode":false,"pivot":{"x":-99.2591323852539,"y":-36.676239013671878,"z":58.7686767578125},"rotation":{"x":0.1434725672006607,"y":-0.48311087489128115,"z":0.08060792088508606,"w":0.8600075840950012},"size":149.52554321289063,"orthographic":false}