﻿{"cameraMode":{"drawMode":0,"name":"Shaded","section":"Shading Mode"},"sceneLighting":false,"audioPlay":false,"sceneViewState":{"showFog":true,"showMaterialUpdate":false,"showSkybox":false,"showFlares":true,"showImageEffects":true,"showParticleSystems":true},"in2DMode":false,"pivot":{"x":4.243592262268066,"y":1.8558990955352784,"z":8.645974159240723},"rotation":{"x":0.07079782336950302,"y":0.6966264843940735,"z":-0.06941036134958267,"w":0.710562527179718},"size":13.643853187561036,"orthographic":false}