﻿{"cameraMode":{"drawMode":0,"name":"Shaded","section":"Shading Mode"},"sceneLighting":false,"audioPlay":false,"sceneViewState":{"showFog":true,"showMaterialUpdate":false,"showSkybox":false,"showFlares":true,"showImageEffects":true,"showParticleSystems":true},"in2DMode":false,"pivot":{"x":-6.1915283203125,"y":0.2200000137090683,"z":29.919998168945314},"rotation":{"x":-0.05769486352801323,"y":-0.7893831133842468,"z":0.0750599056482315,"w":-0.6066088080406189},"size":23.392786026000978,"orthographic":false}