﻿{"cameraMode":{"drawMode":0,"name":"Shaded","section":"Shading Mode"},"sceneLighting":false,"audioPlay":false,"sceneViewState":{"showFog":true,"showMaterialUpdate":false,"showSkybox":false,"showFlares":true,"showImageEffects":true,"showParticleSystems":true},"in2DMode":false,"pivot":{"x":-0.22381973266601563,"y":7.590000152587891,"z":18.18000030517578},"rotation":{"x":0.06326735019683838,"y":-0.010800639167428017,"z":0.0006883752066642046,"w":0.997981607913971},"size":14.524436950683594,"orthographic":false}